"eventkey","stageTimeId","stageId","entryId","elapsedDurationMs","elapsedDuration","status","source","position","diffFirstMs","diffFirst","diffPrevMs","diffPrev"
1746,116750,2236,23547,51500,"00:00:51.5000000","Completed","Default",1,0,"00:00:00",0,"00:00:00"
1746,116747,2236,23548,52100,"00:00:52.1000000","Completed","Default",2,600,"00:00:00.6000000",600,"00:00:00.6000000"
1746,116739,2236,23550,52300,"00:00:52.3000000","Completed","Default",3,800,"00:00:00.8000000",200,"00:00:00.2000000"
1746,116746,2236,23549,52400,"00:00:52.4000000","Completed","Default",4,900,"00:00:00.9000000",100,"00:00:00.1000000"
1746,116757,2236,23554,52500,"00:00:52.5000000","Completed","Default",5,1000,"00:00:01",100,"00:00:00.1000000"
1746,116745,2236,23551,52500,"00:00:52.5000000","Completed","Default",6,1000,"00:00:01",0,"00:00:00"
1746,116761,2236,23558,52800,"00:00:52.8000000","Completed","Default",7,1300,"00:00:01.3000000",300,"00:00:00.3000000"
1746,116762,2236,23559,52800,"00:00:52.8000000","Completed","Default",8,1300,"00:00:01.3000000",0,"00:00:00"
1746,116727,2236,23569,53000,"00:00:53","Completed","Default",9,1500,"00:00:01.5000000",200,"00:00:00.2000000"
1746,116737,2236,23565,53000,"00:00:53","Completed","Default",10,1500,"00:00:01.5000000",0,"00:00:00"
1746,116728,2236,23566,53100,"00:00:53.1000000","Completed","Default",11,1600,"00:00:01.6000000",100,"00:00:00.1000000"
1746,116751,2236,23572,53500,"00:00:53.5000000","Completed","Default",12,2000,"00:00:02",400,"00:00:00.4000000"
1746,116734,2236,23568,53700,"00:00:53.7000000","Completed","Default",13,2200,"00:00:02.2000000",200,"00:00:00.2000000"
1746,116729,2236,23571,54200,"00:00:54.2000000","Completed","Default",14,2700,"00:00:02.7000000",500,"00:00:00.5000000"
1746,116748,2236,23570,54300,"00:00:54.3000000","Completed","Default",15,2800,"00:00:02.8000000",100,"00:00:00.1000000"
1746,116774,2236,23561,54300,"00:00:54.3000000","Completed","Default",16,2800,"00:00:02.8000000",0,"00:00:00"
1746,116765,2236,23553,54500,"00:00:54.5000000","Completed","Default",17,3000,"00:00:03",200,"00:00:00.2000000"
1746,116759,2236,23564,54900,"00:00:54.9000000","Completed","Default",18,3400,"00:00:03.4000000",400,"00:00:00.4000000"
1746,116764,2236,23560,54900,"00:00:54.9000000","Completed","Default",19,3400,"00:00:03.4000000",0,"00:00:00"
1746,116770,2236,23556,55100,"00:00:55.1000000","Completed","Default",20,3600,"00:00:03.6000000",200,"00:00:00.2000000"
1746,116772,2236,23555,55300,"00:00:55.3000000","Completed","Default",21,3800,"00:00:03.8000000",200,"00:00:00.2000000"
1746,116768,2236,23563,55800,"00:00:55.8000000","Completed","Default",22,4300,"00:00:04.3000000",500,"00:00:00.5000000"
1746,116763,2236,23587,57000,"00:00:57","Completed","Default",23,5500,"00:00:05.5000000",1200,"00:00:01.2000000"
1746,116743,2236,23577,58900,"00:00:58.9000000","Completed","Default",24,7400,"00:00:07.4000000",1900,"00:00:01.9000000"
1746,116760,2236,23585,60100,"00:01:00.1000000","Completed","Default",25,8600,"00:00:08.6000000",1200,"00:00:01.2000000"
1746,116767,2236,23589,60800,"00:01:00.8000000","Completed","Default",26,9300,"00:00:09.3000000",700,"00:00:00.7000000"
1746,116730,2236,23580,61000,"00:01:01","Completed","Default",27,9500,"00:00:09.5000000",200,"00:00:00.2000000"
1746,116741,2236,23557,61100,"00:01:01.1000000","Completed","Default",28,9600,"00:00:09.6000000",100,"00:00:00.1000000"
1746,116769,2236,23590,62100,"00:01:02.1000000","Completed","Default",29,10600,"00:00:10.6000000",1000,"00:00:01"
1746,116733,2236,23578,62900,"00:01:02.9000000","Completed","Default",30,11400,"00:00:11.4000000",800,"00:00:00.8000000"
1746,116732,2236,23582,63300,"00:01:03.3000000","Completed","Default",31,11800,"00:00:11.8000000",400,"00:00:00.4000000"
1746,116773,2236,23592,63600,"00:01:03.6000000","Completed","Default",32,12100,"00:00:12.1000000",300,"00:00:00.3000000"
1746,116736,2236,23576,63900,"00:01:03.9000000","Completed","Default",33,12400,"00:00:12.4000000",300,"00:00:00.3000000"
1746,116744,2236,23597,64800,"00:01:04.8000000","Completed","Default",34,13300,"00:00:13.3000000",900,"00:00:00.9000000"
1746,116735,2236,23567,65500,"00:01:05.5000000","Completed","Default",35,14000,"00:00:14",700,"00:00:00.7000000"
1746,116731,2236,23581,66500,"00:01:06.5000000","Completed","Default",36,15000,"00:00:15",1000,"00:00:01"
1746,116742,2236,23595,67000,"00:01:07","Completed","Default",37,15500,"00:00:15.5000000",500,"00:00:00.5000000"
1746,116738,2236,23596,68200,"00:01:08.2000000","Completed","Default",38,16700,"00:00:16.7000000",1200,"00:00:01.2000000"
1746,116758,2236,23584,68800,"00:01:08.8000000","Completed","Default",39,17300,"00:00:17.3000000",600,"00:00:00.6000000"
1746,116740,2236,23594,69500,"00:01:09.5000000","Completed","Default",40,18000,"00:00:18",700,"00:00:00.7000000"
1746,116766,2236,23588,70900,"00:01:10.9000000","Completed","Default",41,19400,"00:00:19.4000000",1400,"00:00:01.4000000"
1746,116755,2236,23583,73300,"00:01:13.3000000","Completed","Default",42,21800,"00:00:21.8000000",2400,"00:00:02.4000000"
1746,116752,2236,23600,73800,"00:01:13.8000000","Completed","Default",43,22300,"00:00:22.3000000",500,"00:00:00.5000000"
1746,116749,2236,23599,78200,"00:01:18.2000000","Completed","Default",44,26700,"00:00:26.7000000",4400,"00:00:04.4000000"
1746,116756,2236,23593,85400,"00:01:25.4000000","Completed","Default",45,33900,"00:00:33.9000000",7200,"00:00:07.2000000"
1746,116754,2236,23598,90600,"00:01:30.6000000","Completed","Default",46,39100,"00:00:39.1000000",5200,"00:00:05.2000000"
1746,116753,2236,23601,118300,"00:01:58.3000000","Completed","Default",47,66800,"00:01:06.8000000",27700,"00:00:27.7000000"
1746,116771,2236,23591,657000,"00:10:57","Completed","Assessed",48,605500,"00:10:05.5000000",538700,"00:08:58.7000000"
1746,116856,2231,23551,795800,"00:13:15.8000000","Completed","Default",1,0,"00:00:00",0,"00:00:00"
1746,116776,2231,23547,796000,"00:13:16","Completed","Default",2,200,"00:00:00.2000000",200,"00:00:00.2000000"
1746,116909,2231,23548,797100,"00:13:17.1000000","Completed","Default",3,1300,"00:00:01.3000000",1100,"00:00:01.1000000"
1746,116843,2231,23550,798300,"00:13:18.3000000","Completed","Default",4,2500,"00:00:02.5000000",1200,"00:00:01.2000000"
1746,116863,2231,23554,803900,"00:13:23.9000000","Completed","Default",5,8100,"00:00:08.1000000",5600,"00:00:05.6000000"
1746,116853,2231,23549,805800,"00:13:25.8000000","Completed","Default",6,10000,"00:00:10",1900,"00:00:01.9000000"
1746,116990,2231,23555,807400,"00:13:27.4000000","Completed","Default",7,11600,"00:00:11.6000000",1600,"00:00:01.6000000"
1746,116980,2231,23556,809800,"00:13:29.8000000","Completed","Default",8,14000,"00:00:14",2400,"00:00:02.4000000"
1746,116871,2231,23553,812900,"00:13:32.9000000","Completed","Default",9,17100,"00:00:17.1000000",3100,"00:00:03.1000000"
1746,116782,2231,23566,824200,"00:13:44.2000000","Completed","Default",10,28400,"00:00:28.4000000",11300,"00:00:11.3000000"
1746,116834,2231,23558,826800,"00:13:46.8000000","Completed","Default",11,31000,"00:00:31",2600,"00:00:02.6000000"
1746,116919,2231,23571,827600,"00:13:47.6000000","Completed","Default",12,31800,"00:00:31.8000000",800,"00:00:00.8000000"
1746,116969,2231,23560,832900,"00:13:52.9000000","Completed","Default",13,37100,"00:00:37.1000000",5300,"00:00:05.3000000"
1746,116812,2231,23572,834700,"00:13:54.7000000","Completed","Default",14,38900,"00:00:38.9000000",1800,"00:00:01.8000000"
1746,116785,2231,23569,835900,"00:13:55.9000000","Completed","Default",15,40100,"00:00:40.1000000",1200,"00:00:01.2000000"
1746,116799,2231,23568,841100,"00:14:01.1000000","Completed","Default",16,45300,"00:00:45.3000000",5200,"00:00:05.2000000"
1746,116945,2231,23561,844100,"00:14:04.1000000","Completed","Default",17,48300,"00:00:48.3000000",3000,"00:00:03"
1746,116951,2231,23565,846100,"00:14:06.1000000","Completed","Default",18,50300,"00:00:50.3000000",2000,"00:00:02"
1746,116832,2231,23570,856600,"00:14:16.6000000","Completed","Default",19,60800,"00:01:00.8000000",10500,"00:00:10.5000000"
1746,116811,2231,23581,866500,"00:14:26.5000000","Completed","Default",20,70700,"00:01:10.7000000",9900,"00:00:09.9000000"
1746,116961,2231,23564,870200,"00:14:30.2000000","Completed","Default",21,74400,"00:01:14.4000000",3700,"00:00:03.7000000"
1746,116927,2231,23587,873100,"00:14:33.1000000","Completed","Default",22,77300,"00:01:17.3000000",2900,"00:00:02.9000000"
1746,116952,2231,23584,888200,"00:14:48.2000000","Completed","Default",23,92400,"00:01:32.4000000",15100,"00:00:15.1000000"
1746,116899,2231,23577,891300,"00:14:51.3000000","Completed","Default",24,95500,"00:01:35.5000000",3100,"00:00:03.1000000"
1746,116993,2231,23557,895000,"00:14:55","Completed","Default",25,99200,"00:01:39.2000000",3700,"00:00:03.7000000"
1746,116962,2231,23585,898600,"00:14:58.6000000","Completed","Default",26,102800,"00:01:42.8000000",3600,"00:00:03.6000000"
1746,116823,2231,23580,899800,"00:14:59.8000000","Completed","Default",27,104000,"00:01:44",1200,"00:00:01.2000000"
1746,116814,2231,23583,903900,"00:15:03.9000000","Completed","Default",28,108100,"00:01:48.1000000",4100,"00:00:04.1000000"
1746,116830,2231,23567,907100,"00:15:07.1000000","Completed","Default",29,111300,"00:01:51.3000000",3200,"00:00:03.2000000"
1746,116809,2231,23582,910700,"00:15:10.7000000","Completed","Default",30,114900,"00:01:54.9000000",3600,"00:00:03.6000000"
1746,116935,2231,23563,912400,"00:15:12.4000000","Completed","Default",31,116600,"00:01:56.6000000",1700,"00:00:01.7000000"
1746,116864,2231,23596,918400,"00:15:18.4000000","Completed","Default",32,122600,"00:02:02.6000000",6000,"00:00:06"
1746,116991,2231,23591,930400,"00:15:30.4000000","Completed","Default",33,134600,"00:02:14.6000000",12000,"00:00:12"
1746,116855,2231,23594,936100,"00:15:36.1000000","Completed","Default",34,140300,"00:02:20.3000000",5700,"00:00:05.7000000"
1746,116981,2231,23592,936800,"00:15:36.8000000","Completed","Default",35,141000,"00:02:21",700,"00:00:00.7000000"
1746,116937,2231,23588,940800,"00:15:40.8000000","Completed","Default",36,145000,"00:02:25",4000,"00:00:04"
1746,116900,2231,23576,947900,"00:15:47.9000000","Completed","Default",37,152100,"00:02:32.1000000",7100,"00:00:07.1000000"
1746,117007,2231,23590,948700,"00:15:48.7000000","Completed","Default",38,152900,"00:02:32.9000000",800,"00:00:00.8000000"
1746,116970,2231,23589,963000,"00:16:03","Completed","Default",39,167200,"00:02:47.2000000",14300,"00:00:14.3000000"
1746,116845,2231,23595,968200,"00:16:08.2000000","Completed","Default",40,172400,"00:02:52.4000000",5200,"00:00:05.2000000"
1746,116877,2231,23597,997600,"00:16:37.6000000","Completed","Default",41,201800,"00:03:21.8000000",29400,"00:00:29.4000000"
1746,116926,2231,23593,1005500,"00:16:45.5000000","Completed","Default",42,209700,"00:03:29.7000000",7900,"00:00:07.9000000"
1746,117001,2231,23559,1121400,"00:18:41.4000000","Completed","Default",43,325600,"00:05:25.6000000",115900,"00:01:55.9000000"
1746,116920,2231,23599,1126300,"00:18:46.3000000","Completed","Default",44,330500,"00:05:30.5000000",4900,"00:00:04.9000000"
1746,116890,2231,23600,1141800,"00:19:01.8000000","Completed","Default",45,346000,"00:05:46",15500,"00:00:15.5000000"
1746,116910,2231,23598,1222600,"00:20:22.6000000","Completed","Default",46,426800,"00:07:06.8000000",80800,"00:01:20.8000000"
1746,116889,2231,23601,1282700,"00:21:22.7000000","Completed","Default",47,486900,"00:08:06.9000000",60100,"00:01:00.1000000"
1746,116825,2231,23578,NA,NA,"DNS","Default",NA,NA,NA,NA,NA
1746,116842,2228,23550,784400,"00:13:04.4000000","Completed","Default",1,0,"00:00:00",0,"00:00:00"
1746,116862,2228,23554,786500,"00:13:06.5000000","Completed","Default",2,2100,"00:00:02.1000000",2100,"00:00:02.1000000"
1746,116857,2228,23551,789700,"00:13:09.7000000","Completed","Default",3,5300,"00:00:05.3000000",3200,"00:00:03.2000000"
1746,116781,2228,23547,791800,"00:13:11.8000000","Completed","Default",4,7400,"00:00:07.4000000",2100,"00:00:02.1000000"
1746,116852,2228,23549,795500,"00:13:15.5000000","Completed","Default",5,11100,"00:00:11.1000000",3700,"00:00:03.7000000"
1746,116989,2228,23555,800900,"00:13:20.9000000","Completed","Default",6,16500,"00:00:16.5000000",5400,"00:00:05.4000000"
1746,116870,2228,23553,802700,"00:13:22.7000000","Completed","Default",7,18300,"00:00:18.3000000",1800,"00:00:01.8000000"
1746,116979,2228,23556,810200,"00:13:30.2000000","Completed","Default",8,25800,"00:00:25.8000000",7500,"00:00:07.5000000"
1746,116968,2228,23560,826400,"00:13:46.4000000","Completed","Default",9,42000,"00:00:42",16200,"00:00:16.2000000"
1746,116789,2228,23566,827500,"00:13:47.5000000","Completed","Default",10,43100,"00:00:43.1000000",1100,"00:00:01.1000000"
1746,117006,2228,23558,831600,"00:13:51.6000000","Completed","Default",11,47200,"00:00:47.2000000",4100,"00:00:04.1000000"
1746,116787,2228,23569,832700,"00:13:52.7000000","Completed","Default",12,48300,"00:00:48.3000000",1100,"00:00:01.1000000"
1746,116829,2228,23572,833100,"00:13:53.1000000","Completed","Default",13,48700,"00:00:48.7000000",400,"00:00:00.4000000"
1746,116918,2228,23571,833300,"00:13:53.3000000","Completed","Default",14,48900,"00:00:48.9000000",200,"00:00:00.2000000"
1746,116798,2228,23568,837500,"00:13:57.5000000","Completed","Default",15,53100,"00:00:53.1000000",4200,"00:00:04.2000000"
1746,116794,2228,23570,851500,"00:14:11.5000000","Completed","Default",16,67100,"00:01:07.1000000",14000,"00:00:14"
1746,116908,2228,23548,858400,"00:14:18.4000000","Completed","Default",17,74000,"00:01:14",6900,"00:00:06.9000000"
1746,116815,2228,23581,866500,"00:14:26.5000000","Completed","Default",18,82100,"00:01:22.1000000",8100,"00:00:08.1000000"
1746,116936,2228,23561,868300,"00:14:28.3000000","Completed","Default",19,83900,"00:01:23.9000000",1800,"00:00:01.8000000"
1746,116946,2228,23563,877000,"00:14:37","Completed","Default",20,92600,"00:01:32.6000000",8700,"00:00:08.7000000"
1746,116928,2228,23587,882600,"00:14:42.6000000","Completed","Default",21,98200,"00:01:38.2000000",5600,"00:00:05.6000000"
1746,116953,2228,23584,885400,"00:14:45.4000000","Completed","Default",22,101000,"00:01:41",2800,"00:00:02.8000000"
1746,117014,2228,23557,886000,"00:14:46","Completed","Default",23,101600,"00:01:41.6000000",600,"00:00:00.6000000"
1746,116960,2228,23564,886400,"00:14:46.4000000","Completed","Default",24,102000,"00:01:42",400,"00:00:00.4000000"
1746,116821,2228,23580,892600,"00:14:52.6000000","Completed","Default",25,108200,"00:01:48.2000000",6200,"00:00:06.2000000"
1746,116950,2228,23565,894900,"00:14:54.9000000","Completed","Default",26,110500,"00:01:50.5000000",2300,"00:00:02.3000000"
1746,116831,2228,23567,899900,"00:14:59.9000000","Completed","Default",27,115500,"00:01:55.5000000",5000,"00:00:05"
1746,116971,2228,23589,906600,"00:15:06.6000000","Completed","Default",28,122200,"00:02:02.2000000",6700,"00:00:06.7000000"
1746,116807,2228,23582,917300,"00:15:17.3000000","Completed","Default",29,132900,"00:02:12.9000000",10700,"00:00:10.7000000"
1746,116865,2228,23596,919600,"00:15:19.6000000","Completed","Assessed",30,135200,"00:02:15.2000000",2300,"00:00:02.3000000"
1746,117000,2228,23559,922100,"00:15:22.1000000","Completed","Default",31,137700,"00:02:17.7000000",2500,"00:00:02.5000000"
1746,116902,2228,23576,949600,"00:15:49.6000000","Completed","Default",32,165200,"00:02:45.2000000",27500,"00:00:27.5000000"
1746,116791,2228,23583,952400,"00:15:52.4000000","Completed","Default",33,168000,"00:02:48",2800,"00:00:02.8000000"
1746,116982,2228,23592,959500,"00:15:59.5000000","Completed","Assessed",34,175100,"00:02:55.1000000",7100,"00:00:07.1000000"
1746,116938,2228,23588,976000,"00:16:16","Completed","Default",35,191600,"00:03:11.6000000",16500,"00:00:16.5000000"
1746,116854,2228,23595,987200,"00:16:27.2000000","Completed","Default",36,202800,"00:03:22.8000000",11200,"00:00:11.2000000"
1746,117008,2228,23590,1002200,"00:16:42.2000000","Completed","Default",37,217800,"00:03:37.8000000",15000,"00:00:15"
1746,116992,2228,23593,1022800,"00:17:02.8000000","Completed","Assessed",38,238400,"00:03:58.4000000",20600,"00:00:20.6000000"
1746,116881,2228,23599,1225700,"00:20:25.7000000","Completed","Default",39,441300,"00:07:21.3000000",202900,"00:03:22.9000000"
1746,116891,2228,23600,1227600,"00:20:27.6000000","Completed","Default",40,443200,"00:07:23.2000000",1900,"00:00:01.9000000"
1746,116963,2228,23585,1234400,"00:20:34.4000000","Completed","Default",41,450000,"00:07:30",6800,"00:00:06.8000000"
1746,116911,2228,23598,1264700,"00:21:04.7000000","Completed","Default",42,480300,"00:08:00.3000000",30300,"00:00:30.3000000"
1746,116888,2228,23601,1309500,"00:21:49.5000000","Completed","Default",43,525100,"00:08:45.1000000",44800,"00:00:44.8000000"
1746,116898,2228,23577,1432700,"00:23:52.7000000","Completed","Assessed",44,648300,"00:10:48.3000000",123200,"00:02:03.2000000"
1746,116972,2228,23591,1482600,"00:24:42.6000000","Completed","Assessed",45,698200,"00:11:38.2000000",49900,"00:00:49.9000000"
1746,116844,2228,23594,1587200,"00:26:27.2000000","Completed","Assessed",46,802800,"00:13:22.8000000",104600,"00:01:44.6000000"
1746,116878,2228,23597,1825700,"00:30:25.7000000","Completed","Assessed",47,1041300,"00:17:21.3000000",238500,"00:03:58.5000000"
1746,116800,2228,23578,NA,NA,"DNS","Default",NA,NA,NA,NA,NA
1746,116841,2230,23550,790300,"00:13:10.3000000","Completed","Default",1,0,"00:00:00",0,"00:00:00"
1746,116876,2230,23551,791100,"00:13:11.1000000","Completed","Default",2,800,"00:00:00.8000000",800,"00:00:00.8000000"
1746,116783,2230,23547,793500,"00:13:13.5000000","Completed","Default",3,3200,"00:00:03.2000000",2400,"00:00:02.4000000"
1746,116861,2230,23554,795800,"00:13:15.8000000","Completed","Default",4,5500,"00:00:05.5000000",2300,"00:00:02.3000000"
1746,116869,2230,23553,801000,"00:13:21","Completed","Default",5,10700,"00:00:10.7000000",5200,"00:00:05.2000000"
1746,116988,2230,23555,802300,"00:13:22.3000000","Completed","Default",6,12000,"00:00:12",1300,"00:00:01.3000000"
1746,116907,2230,23548,820300,"00:13:40.3000000","Completed","Default",7,30000,"00:00:30",18000,"00:00:18"
1746,116944,2230,23560,826900,"00:13:46.9000000","Completed","Default",8,36600,"00:00:36.6000000",6600,"00:00:06.6000000"
1746,117005,2230,23558,829100,"00:13:49.1000000","Completed","Default",9,38800,"00:00:38.8000000",2200,"00:00:02.2000000"
1746,116917,2230,23571,830900,"00:13:50.9000000","Completed","Default",10,40600,"00:00:40.6000000",1800,"00:00:01.8000000"
1746,116780,2230,23569,831800,"00:13:51.8000000","Completed","Default",11,41500,"00:00:41.5000000",900,"00:00:00.9000000"
1746,116797,2230,23568,832200,"00:13:52.2000000","Completed","Default",12,41900,"00:00:41.9000000",400,"00:00:00.4000000"
1746,116828,2230,23572,834700,"00:13:54.7000000","Completed","Default",13,44400,"00:00:44.4000000",2500,"00:00:02.5000000"
1746,116949,2230,23565,841200,"00:14:01.2000000","Completed","Default",14,50900,"00:00:50.9000000",6500,"00:00:06.5000000"
1746,116801,2230,23570,854100,"00:14:14.1000000","Completed","Default",15,63800,"00:01:03.8000000",12900,"00:00:12.9000000"
1746,116947,2230,23563,856000,"00:14:16","Completed","Default",16,65700,"00:01:05.7000000",1900,"00:00:01.9000000"
1746,116934,2230,23561,857800,"00:14:17.8000000","Completed","Default",17,67500,"00:01:07.5000000",1800,"00:00:01.8000000"
1746,116959,2230,23564,858500,"00:14:18.5000000","Completed","Default",18,68200,"00:01:08.2000000",700,"00:00:00.7000000"
1746,116816,2230,23581,868000,"00:14:28","Completed","Default",19,77700,"00:01:17.7000000",9500,"00:00:09.5000000"
1746,116994,2230,23557,877100,"00:14:37.1000000","Completed","Default",20,86800,"00:01:26.8000000",9100,"00:00:09.1000000"
1746,116954,2230,23584,884800,"00:14:44.8000000","Completed","Default",21,94500,"00:01:34.5000000",7700,"00:00:07.7000000"
1746,116820,2230,23580,893000,"00:14:53","Completed","Default",22,102700,"00:01:42.7000000",8200,"00:00:08.2000000"
1746,116929,2230,23587,897000,"00:14:57","Completed","Default",23,106700,"00:01:46.7000000",4000,"00:00:04"
1746,116999,2230,23559,899600,"00:14:59.6000000","Completed","Default",24,109300,"00:01:49.3000000",2600,"00:00:02.6000000"
1746,116813,2230,23567,900100,"00:15:00.1000000","Completed","Default",25,109800,"00:01:49.8000000",500,"00:00:00.5000000"
1746,116851,2230,23549,901200,"00:15:01.2000000","Completed","Default",26,110900,"00:01:50.9000000",1100,"00:00:01.1000000"
1746,116806,2230,23582,904000,"00:15:04","Completed","Default",27,113700,"00:01:53.7000000",2800,"00:00:02.8000000"
1746,116786,2230,23583,909700,"00:15:09.7000000","Completed","Default",28,119400,"00:01:59.4000000",5700,"00:00:05.7000000"
1746,116995,2230,23589,913800,"00:15:13.8000000","Completed","Default",29,123500,"00:02:03.5000000",4100,"00:00:04.1000000"
1746,116964,2230,23585,916400,"00:15:16.4000000","Completed","Default",30,126100,"00:02:06.1000000",2600,"00:00:02.6000000"
1746,116923,2230,23576,948200,"00:15:48.2000000","Completed","Default",31,157900,"00:02:37.9000000",31800,"00:00:31.8000000"
1746,116978,2230,23556,958500,"00:15:58.5000000","Completed","Default",32,168200,"00:02:48.2000000",10300,"00:00:10.3000000"
1746,116983,2230,23592,965600,"00:16:05.6000000","Completed","Default",33,175300,"00:02:55.3000000",7100,"00:00:07.1000000"
1746,116846,2230,23595,978500,"00:16:18.5000000","Completed","Default",34,188200,"00:03:08.2000000",12900,"00:00:12.9000000"
1746,117009,2230,23590,979900,"00:16:19.9000000","Completed","Default",35,189600,"00:03:09.6000000",1400,"00:00:01.4000000"
1746,116925,2230,23593,1034800,"00:17:14.8000000","Completed","Default",36,244500,"00:04:04.5000000",54900,"00:00:54.9000000"
1746,116939,2230,23588,1089800,"00:18:09.8000000","Completed","Default",37,299500,"00:04:59.5000000",55000,"00:00:55"
1746,116912,2230,23598,1212600,"00:20:12.6000000","Completed","Default",38,422300,"00:07:02.3000000",122800,"00:02:02.8000000"
1746,116882,2230,23599,1223000,"00:20:23","Completed","Default",39,432700,"00:07:12.7000000",10400,"00:00:10.4000000"
1746,116892,2230,23600,1234900,"00:20:34.9000000","Completed","Default",40,444600,"00:07:24.6000000",11900,"00:00:11.9000000"
1746,116866,2230,23596,1382800,"00:23:02.8000000","Completed","Default",41,592500,"00:09:52.5000000",147900,"00:02:27.9000000"
1746,116775,2230,23566,1426900,"00:23:46.9000000","Completed","Assessed",42,636600,"00:10:36.6000000",44100,"00:00:44.1000000"
1746,116897,2230,23577,1430900,"00:23:50.9000000","Completed","Assessed",43,640600,"00:10:40.6000000",4000,"00:00:04"
1746,116973,2230,23591,1497000,"00:24:57","Completed","Assessed",44,706700,"00:11:46.7000000",66100,"00:01:06.1000000"
1746,116836,2230,23594,1578500,"00:26:18.5000000","Completed","Assessed",45,788200,"00:13:08.2000000",81500,"00:01:21.5000000"
1746,116879,2230,23597,1812600,"00:30:12.6000000","Completed","Assessed",46,1022300,"00:17:02.3000000",234100,"00:03:54.1000000"
1746,116887,2230,23601,1812600,"00:30:12.6000000","Completed","Assessed",47,1022300,"00:17:02.3000000",0,"00:00:00"
1746,116792,2230,23578,NA,NA,"DNS","Default",NA,NA,NA,NA,NA
1746,116784,2232,23547,925200,"00:15:25.2000000","Completed","Default",1,0,"00:00:00",0,"00:00:00"
1746,116850,2232,23549,927500,"00:15:27.5000000","Completed","Default",2,2300,"00:00:02.3000000",2300,"00:00:02.3000000"
1746,116860,2232,23554,929700,"00:15:29.7000000","Completed","Default",3,4500,"00:00:04.5000000",2200,"00:00:02.2000000"
1746,116840,2232,23550,929900,"00:15:29.9000000","Completed","Default",4,4700,"00:00:04.7000000",200,"00:00:00.2000000"
1746,116875,2232,23551,932300,"00:15:32.3000000","Completed","Default",5,7100,"00:00:07.1000000",2400,"00:00:02.4000000"
1746,116987,2232,23555,942700,"00:15:42.7000000","Completed","Default",6,17500,"00:00:17.5000000",10400,"00:00:10.4000000"
1746,116977,2232,23556,944300,"00:15:44.3000000","Completed","Default",7,19100,"00:00:19.1000000",1600,"00:00:01.6000000"
1746,116868,2232,23553,961400,"00:16:01.4000000","Completed","Default",8,36200,"00:00:36.2000000",17100,"00:00:17.1000000"
1746,116943,2232,23560,963400,"00:16:03.4000000","Completed","Default",9,38200,"00:00:38.2000000",2000,"00:00:02"
1746,117004,2232,23558,965900,"00:16:05.9000000","Completed","Default",10,40700,"00:00:40.7000000",2500,"00:00:02.5000000"
1746,116833,2232,23569,966800,"00:16:06.8000000","Completed","Default",11,41600,"00:00:41.6000000",900,"00:00:00.9000000"
1746,116916,2232,23571,968400,"00:16:08.4000000","Completed","Default",12,43200,"00:00:43.2000000",1600,"00:00:01.6000000"
1746,116796,2232,23568,973100,"00:16:13.1000000","Completed","Default",13,47900,"00:00:47.9000000",4700,"00:00:04.7000000"
1746,116827,2232,23572,973300,"00:16:13.3000000","Completed","Default",14,48100,"00:00:48.1000000",200,"00:00:00.2000000"
1746,116906,2232,23548,975200,"00:16:15.2000000","Completed","Default",15,50000,"00:00:50",1900,"00:00:01.9000000"
1746,116835,2232,23565,982200,"00:16:22.2000000","Completed","Default",16,57000,"00:00:57",7000,"00:00:07"
1746,116933,2232,23561,983300,"00:16:23.3000000","Completed","Default",17,58100,"00:00:58.1000000",1100,"00:00:01.1000000"
1746,116810,2232,23570,984700,"00:16:24.7000000","Completed","Default",18,59500,"00:00:59.5000000",1400,"00:00:01.4000000"
1746,116948,2232,23563,987300,"00:16:27.3000000","Completed","Default",19,62100,"00:01:02.1000000",2600,"00:00:02.6000000"
1746,116958,2232,23564,994500,"00:16:34.5000000","Completed","Default",20,69300,"00:01:09.3000000",7200,"00:00:07.2000000"
1746,116788,2232,23583,1017700,"00:16:57.7000000","Completed","Default",21,92500,"00:01:32.5000000",23200,"00:00:23.2000000"
1746,116817,2232,23581,1025400,"00:17:05.4000000","Completed","Default",22,100200,"00:01:40.2000000",7700,"00:00:07.7000000"
1746,116930,2232,23587,1026700,"00:17:06.7000000","Completed","Default",23,101500,"00:01:41.5000000",1300,"00:00:01.3000000"
1746,116822,2232,23567,1033700,"00:17:13.7000000","Completed","Default",24,108500,"00:01:48.5000000",7000,"00:00:07"
1746,117013,2232,23557,1039900,"00:17:19.9000000","Completed","Default",25,114700,"00:01:54.7000000",6200,"00:00:06.2000000"
1746,116955,2232,23584,1041800,"00:17:21.8000000","Completed","Default",26,116600,"00:01:56.6000000",1900,"00:00:01.9000000"
1746,116819,2232,23580,1042100,"00:17:22.1000000","Completed","Default",27,116900,"00:01:56.9000000",300,"00:00:00.3000000"
1746,116965,2232,23585,1049600,"00:17:29.6000000","Completed","Default",28,124400,"00:02:04.4000000",7500,"00:00:07.5000000"
1746,116996,2232,23589,1054300,"00:17:34.3000000","Completed","Default",29,129100,"00:02:09.1000000",4700,"00:00:04.7000000"
1746,116872,2232,23596,1055400,"00:17:35.4000000","Completed","Default",30,130200,"00:02:10.2000000",1100,"00:00:01.1000000"
1746,116805,2232,23582,1057500,"00:17:37.5000000","Completed","Default",31,132300,"00:02:12.3000000",2100,"00:00:02.1000000"
1746,116903,2232,23576,1083700,"00:18:03.7000000","Completed","Default",32,158500,"00:02:38.5000000",26200,"00:00:26.2000000"
1746,117010,2232,23590,1109600,"00:18:29.6000000","Completed","Default",33,184400,"00:03:04.4000000",25900,"00:00:25.9000000"
1746,116984,2232,23592,1116400,"00:18:36.4000000","Completed","Default",34,191200,"00:03:11.2000000",6800,"00:00:06.8000000"
1746,116847,2232,23595,1129100,"00:18:49.1000000","Completed","Default",35,203900,"00:03:23.9000000",12700,"00:00:12.7000000"
1746,116901,2232,23593,1170200,"00:19:30.2000000","Completed","Default",36,245000,"00:04:05",41100,"00:00:41.1000000"
1746,116940,2232,23588,1202700,"00:20:02.7000000","Completed","Default",37,277500,"00:04:37.5000000",32500,"00:00:32.5000000"
1746,116893,2232,23600,1374500,"00:22:54.5000000","Completed","Default",38,449300,"00:07:29.3000000",171800,"00:02:51.8000000"
1746,116883,2232,23599,1428600,"00:23:48.6000000","Completed","Default",39,503400,"00:08:23.4000000",54100,"00:00:54.1000000"
1746,116913,2232,23598,1433900,"00:23:53.9000000","Completed","Default",40,508700,"00:08:28.7000000",5300,"00:00:05.3000000"
1746,116998,2232,23559,1563400,"00:26:03.4000000","Completed","Assessed",41,638200,"00:10:38.2000000",129500,"00:02:09.5000000"
1746,116777,2232,23566,1563400,"00:26:03.4000000","Completed","Assessed",42,638200,"00:10:38.2000000",0,"00:00:00"
1746,116896,2232,23577,1566800,"00:26:06.8000000","Completed","Assessed",43,641600,"00:10:41.6000000",3400,"00:00:03.4000000"
1746,116974,2232,23591,1626700,"00:27:06.7000000","Completed","Assessed",44,701500,"00:11:41.5000000",59900,"00:00:59.9000000"
1746,116837,2232,23594,1729100,"00:28:49.1000000","Completed","Assessed",45,803900,"00:13:23.9000000",102400,"00:01:42.4000000"
1746,116880,2232,23597,1974500,"00:32:54.5000000","Completed","Assessed",46,1049300,"00:17:29.3000000",245400,"00:04:05.4000000"
1746,116886,2232,23601,1974500,"00:32:54.5000000","Completed","Assessed",47,1049300,"00:17:29.3000000",0,"00:00:00"
1746,116793,2232,23578,NA,NA,"DNS","Default",NA,NA,NA,NA,NA
1746,116849,2235,23549,358100,"00:05:58.1000000","Completed","Assessed",1,0,"00:00:00",0,"00:00:00"
1746,116874,2235,23551,359400,"00:05:59.4000000","Completed","Default",2,1300,"00:00:01.3000000",1300,"00:00:01.3000000"
1746,116839,2235,23550,361900,"00:06:01.9000000","Completed","Default",3,3800,"00:00:03.8000000",2500,"00:00:02.5000000"
1746,116859,2235,23554,362600,"00:06:02.6000000","Completed","Default",4,4500,"00:00:04.5000000",700,"00:00:00.7000000"
1746,116986,2235,23555,362700,"00:06:02.7000000","Completed","Default",5,4600,"00:00:04.6000000",100,"00:00:00.1000000"
1746,116921,2235,23547,363000,"00:06:03","Completed","Default",6,4900,"00:00:04.9000000",300,"00:00:00.3000000"
1746,116867,2235,23553,367900,"00:06:07.9000000","Completed","Default",7,9800,"00:00:09.8000000",4900,"00:00:04.9000000"
1746,116905,2235,23548,370700,"00:06:10.7000000","Completed","Default",8,12600,"00:00:12.6000000",2800,"00:00:02.8000000"
1746,116942,2235,23560,373500,"00:06:13.5000000","Completed","Default",9,15400,"00:00:15.4000000",2800,"00:00:02.8000000"
1746,116826,2235,23572,374000,"00:06:14","Completed","Default",10,15900,"00:00:15.9000000",500,"00:00:00.5000000"
1746,116915,2235,23571,375400,"00:06:15.4000000","Completed","Default",11,17300,"00:00:17.3000000",1400,"00:00:01.4000000"
1746,117003,2235,23558,377200,"00:06:17.2000000","Completed","Default",12,19100,"00:00:19.1000000",1800,"00:00:01.8000000"
1746,116824,2235,23568,379000,"00:06:19","Completed","Default",13,20900,"00:00:20.9000000",1800,"00:00:01.8000000"
1746,116808,2235,23569,380000,"00:06:20","Completed","Default",14,21900,"00:00:21.9000000",1000,"00:00:01"
1746,116924,2235,23565,384600,"00:06:24.6000000","Completed","Default",15,26500,"00:00:26.5000000",4600,"00:00:04.6000000"
1746,116932,2235,23561,385300,"00:06:25.3000000","Completed","Default",16,27200,"00:00:27.2000000",700,"00:00:00.7000000"
1746,116803,2235,23570,388600,"00:06:28.6000000","Completed","Default",17,30500,"00:00:30.5000000",3300,"00:00:03.3000000"
1746,116957,2235,23564,389800,"00:06:29.8000000","Completed","Default",18,31700,"00:00:31.7000000",1200,"00:00:01.2000000"
1746,116967,2235,23563,394600,"00:06:34.6000000","Completed","Default",19,36500,"00:00:36.5000000",4800,"00:00:04.8000000"
1746,116779,2235,23583,404400,"00:06:44.4000000","Completed","Default",20,46300,"00:00:46.3000000",9800,"00:00:09.8000000"
1746,116818,2235,23581,408400,"00:06:48.4000000","Completed","Default",21,50300,"00:00:50.3000000",4000,"00:00:04"
1746,116795,2235,23567,411400,"00:06:51.4000000","Completed","Default",22,53300,"00:00:53.3000000",3000,"00:00:03"
1746,116966,2235,23585,414500,"00:06:54.5000000","Completed","Default",23,56400,"00:00:56.4000000",3100,"00:00:03.1000000"
1746,116804,2235,23582,414900,"00:06:54.9000000","Completed","Default",24,56800,"00:00:56.8000000",400,"00:00:00.4000000"
1746,116790,2235,23580,415200,"00:06:55.2000000","Completed","Default",25,57100,"00:00:57.1000000",300,"00:00:00.3000000"
1746,116873,2235,23596,415600,"00:06:55.6000000","Completed","Default",26,57500,"00:00:57.5000000",400,"00:00:00.4000000"
1746,116956,2235,23584,415800,"00:06:55.8000000","Completed","Default",27,57700,"00:00:57.7000000",200,"00:00:00.2000000"
1746,116931,2235,23587,416400,"00:06:56.4000000","Completed","Default",28,58300,"00:00:58.3000000",600,"00:00:00.6000000"
1746,117002,2235,23589,417600,"00:06:57.6000000","Completed","Default",29,59500,"00:00:59.5000000",1200,"00:00:01.2000000"
1746,116922,2235,23576,418300,"00:06:58.3000000","Completed","Default",30,60200,"00:01:00.2000000",700,"00:00:00.7000000"
1746,117012,2235,23557,423400,"00:07:03.4000000","Completed","Assessed",31,65300,"00:01:05.3000000",5100,"00:00:05.1000000"
1746,117011,2235,23590,446000,"00:07:26","Completed","Default",32,87900,"00:01:27.9000000",22600,"00:00:22.6000000"
1746,116985,2235,23592,453900,"00:07:33.9000000","Completed","Default",33,95800,"00:01:35.8000000",7900,"00:00:07.9000000"
1746,116848,2235,23595,462500,"00:07:42.5000000","Completed","Default",34,104400,"00:01:44.4000000",8600,"00:00:08.6000000"
1746,116858,2235,23593,467100,"00:07:47.1000000","Completed","Default",35,109000,"00:01:49",4600,"00:00:04.6000000"
1746,116941,2235,23588,473200,"00:07:53.2000000","Completed","Default",36,115100,"00:01:55.1000000",6100,"00:00:06.1000000"
1746,116894,2235,23600,569300,"00:09:29.3000000","Completed","Default",37,211200,"00:03:31.2000000",96100,"00:01:36.1000000"
1746,116914,2235,23598,606900,"00:10:06.9000000","Completed","Default",38,248800,"00:04:08.8000000",37600,"00:00:37.6000000"
1746,116884,2235,23599,694600,"00:11:34.6000000","Completed","Default",39,336500,"00:05:36.5000000",87700,"00:01:27.7000000"
1746,116976,2235,23556,958100,"00:15:58.1000000","Completed","Assessed",40,600000,"00:10:00",263500,"00:04:23.5000000"
1746,116997,2235,23559,973500,"00:16:13.5000000","Completed","Assessed",41,615400,"00:10:15.4000000",15400,"00:00:15.4000000"
1746,116778,2235,23566,973500,"00:16:13.5000000","Completed","Assessed",42,615400,"00:10:15.4000000",0,"00:00:00"
1746,116895,2235,23577,974000,"00:16:14","Completed","Assessed",43,615900,"00:10:15.9000000",500,"00:00:00.5000000"
1746,116975,2235,23591,1015600,"00:16:55.6000000","Completed","Assessed",44,657500,"00:10:57.5000000",41600,"00:00:41.6000000"
1746,116838,2235,23594,1062500,"00:17:42.5000000","Completed","Assessed",45,704400,"00:11:44.4000000",46900,"00:00:46.9000000"
1746,116904,2235,23597,1169300,"00:19:29.3000000","Completed","Assessed",46,811200,"00:13:31.2000000",106800,"00:01:46.8000000"
1746,116885,2235,23601,1169300,"00:19:29.3000000","Completed","Assessed",47,811200,"00:13:31.2000000",0,"00:00:00"
1746,116802,2235,23578,NA,NA,"DNS","Default",NA,NA,NA,NA,NA
1746,117160,2238,23550,1167700,"00:19:27.7000000","Completed","Default",1,0,"00:00:00",0,"00:00:00"
1746,117178,2238,23551,1173300,"00:19:33.3000000","Completed","Default",2,5600,"00:00:05.6000000",5600,"00:00:05.6000000"
1746,117251,2238,23548,1177700,"00:19:37.7000000","Completed","Default",3,10000,"00:00:10",4400,"00:00:04.4000000"
1746,117196,2238,23547,1180500,"00:19:40.5000000","Completed","Default",4,12800,"00:00:12.8000000",2800,"00:00:02.8000000"
1746,117126,2238,23554,1184100,"00:19:44.1000000","Completed","Default",5,16400,"00:00:16.4000000",3600,"00:00:03.6000000"
1746,117257,2238,23553,1188400,"00:19:48.4000000","Completed","Default",6,20700,"00:00:20.7000000",4300,"00:00:04.3000000"
1746,117228,2238,23549,1192100,"00:19:52.1000000","Completed","Default",7,24400,"00:00:24.4000000",3700,"00:00:03.7000000"
1746,117144,2238,23555,1196400,"00:19:56.4000000","Completed","Default",8,28700,"00:00:28.7000000",4300,"00:00:04.3000000"
1746,117124,2238,23558,1203000,"00:20:03","Completed","Default",9,35300,"00:00:35.3000000",6600,"00:00:06.6000000"
1746,117028,2238,23556,1211900,"00:20:11.9000000","Completed","Default",10,44200,"00:00:44.2000000",8900,"00:00:08.9000000"
1746,117023,2238,23566,1214400,"00:20:14.4000000","Completed","Default",11,46700,"00:00:46.7000000",2500,"00:00:02.5000000"
1746,117189,2238,23560,1220400,"00:20:20.4000000","Completed","Default",12,52700,"00:00:52.7000000",6000,"00:00:06"
1746,117249,2238,23559,1223700,"00:20:23.7000000","Completed","Default",13,56000,"00:00:56",3300,"00:00:03.3000000"
1746,117083,2238,23571,1228400,"00:20:28.4000000","Completed","Default",14,60700,"00:01:00.7000000",4700,"00:00:04.7000000"
1746,117046,2238,23568,1229300,"00:20:29.3000000","Completed","Default",15,61600,"00:01:01.6000000",900,"00:00:00.9000000"
1746,117063,2238,23572,1231800,"00:20:31.8000000","Completed","Default",16,64100,"00:01:04.1000000",2500,"00:00:02.5000000"
1746,117151,2238,23561,1234300,"00:20:34.3000000","Completed","Default",17,66600,"00:01:06.6000000",2500,"00:00:02.5000000"
1746,117049,2238,23569,1245400,"00:20:45.4000000","Completed","Default",18,77700,"00:01:17.7000000",11100,"00:00:11.1000000"
1746,117065,2238,23570,1248900,"00:20:48.9000000","Completed","Default",19,81200,"00:01:21.2000000",3500,"00:00:03.5000000"
1746,117205,2238,23565,1250400,"00:20:50.4000000","Completed","Default",20,82700,"00:01:22.7000000",1500,"00:00:01.5000000"
1746,117282,2238,23563,1263500,"00:21:03.5000000","Completed","Default",21,95800,"00:01:35.8000000",13100,"00:00:13.1000000"
1746,117274,2238,23564,1287200,"00:21:27.2000000","Completed","Default",22,119500,"00:01:59.5000000",23700,"00:00:23.7000000"
1746,117114,2238,23581,1287600,"00:21:27.6000000","Completed","Default",23,119900,"00:01:59.9000000",400,"00:00:00.4000000"
1746,117090,2238,23587,1302700,"00:21:42.7000000","Completed","Default",24,135000,"00:02:15",15100,"00:00:15.1000000"
1746,117039,2238,23583,1306700,"00:21:46.7000000","Completed","Default",25,139000,"00:02:19",4000,"00:00:04"
1746,117107,2238,23580,1311900,"00:21:51.9000000","Completed","Default",26,144200,"00:02:24.2000000",5200,"00:00:05.2000000"
1746,117111,2238,23557,1312500,"00:21:52.5000000","Completed","Default",27,144800,"00:02:24.8000000",600,"00:00:00.6000000"
1746,117172,2238,23596,1317500,"00:21:57.5000000","Completed","Default",28,149800,"00:02:29.8000000",5000,"00:00:05"
1746,117239,2238,23582,1329800,"00:22:09.8000000","Completed","Default",29,162100,"00:02:42.1000000",12300,"00:00:12.3000000"
1746,117217,2238,23589,1339300,"00:22:19.3000000","Completed","Default",30,171600,"00:02:51.6000000",9500,"00:00:09.5000000"
1746,117076,2238,23584,1341700,"00:22:21.7000000","Completed","Default",31,174000,"00:02:54",2400,"00:00:02.4000000"
1746,117216,2238,23567,1345100,"00:22:25.1000000","Completed","Default",32,177400,"00:02:57.4000000",3400,"00:00:03.4000000"
1746,117133,2238,23594,1365600,"00:22:45.6000000","Completed","Default",33,197900,"00:03:17.9000000",20500,"00:00:20.5000000"
1746,117190,2238,23585,1383600,"00:23:03.6000000","Completed","Default",34,215900,"00:03:35.9000000",18000,"00:00:18"
1746,117192,2238,23590,1386100,"00:23:06.1000000","Completed","Default",35,218400,"00:03:38.4000000",2500,"00:00:02.5000000"
1746,117296,2238,23576,1387900,"00:23:07.9000000","Completed","Default",36,220200,"00:03:40.2000000",1800,"00:00:01.8000000"
1746,117183,2238,23591,1389200,"00:23:09.2000000","Completed","Default",37,221500,"00:03:41.5000000",1300,"00:00:01.3000000"
1746,117260,2238,23592,1400100,"00:23:20.1000000","Completed","Default",38,232400,"00:03:52.4000000",10900,"00:00:10.9000000"
1746,117044,2238,23595,1400700,"00:23:20.7000000","Completed","Default",39,233000,"00:03:53",600,"00:00:00.6000000"
1746,117161,2238,23588,1424100,"00:23:44.1000000","Completed","Default",40,256400,"00:04:16.4000000",23400,"00:00:23.4000000"
1746,117256,2238,23593,1445300,"00:24:05.3000000","Completed","Default",41,277600,"00:04:37.6000000",21200,"00:00:21.2000000"
1746,117250,2238,23597,1445400,"00:24:05.4000000","Completed","Default",42,277700,"00:04:37.7000000",100,"00:00:00.1000000"
1746,117018,2238,23577,1517400,"00:25:17.4000000","Completed","Default",43,349700,"00:05:49.7000000",72000,"00:01:12"
1746,117045,2238,23599,1595400,"00:26:35.4000000","Completed","Default",44,427700,"00:07:07.7000000",78000,"00:01:18"
1746,117238,2238,23600,1700400,"00:28:20.4000000","Completed","Default",45,532700,"00:08:52.7000000",105000,"00:01:45"
1746,117066,2238,23598,1715700,"00:28:35.7000000","Completed","Default",46,548000,"00:09:08",15300,"00:00:15.3000000"
1746,117108,2238,23601,1917600,"00:31:57.6000000","Completed","Default",47,749900,"00:12:29.9000000",201900,"00:03:21.9000000"
1746,117179,2237,23550,1235900,"00:20:35.9000000","Completed","Default",1,0,"00:00:00",0,"00:00:00"
1746,117177,2237,23551,1243400,"00:20:43.4000000","Completed","Default",2,7500,"00:00:07.5000000",7500,"00:00:07.5000000"
1746,117197,2237,23547,1249800,"00:20:49.8000000","Completed","Default",3,13900,"00:00:13.9000000",6400,"00:00:06.4000000"
1746,117252,2237,23548,1253100,"00:20:53.1000000","Completed","Default",4,17200,"00:00:17.2000000",3300,"00:00:03.3000000"
1746,117127,2237,23554,1253800,"00:20:53.8000000","Completed","Default",5,17900,"00:00:17.9000000",700,"00:00:00.7000000"
1746,117258,2237,23553,1260800,"00:21:00.8000000","Completed","Default",6,24900,"00:00:24.9000000",7000,"00:00:07"
1746,117029,2237,23566,1266800,"00:21:06.8000000","Completed","Default",7,30900,"00:00:30.9000000",6000,"00:00:06"
1746,117145,2237,23555,1267500,"00:21:07.5000000","Completed","Default",8,31600,"00:00:31.6000000",700,"00:00:00.7000000"
1746,117096,2237,23568,1268100,"00:21:08.1000000","Completed","Default",9,32200,"00:00:32.2000000",600,"00:00:00.6000000"
1746,117226,2237,23549,1268500,"00:21:08.5000000","Completed","Default",10,32600,"00:00:32.6000000",400,"00:00:00.4000000"
1746,117188,2237,23560,1276100,"00:21:16.1000000","Completed","Default",11,40200,"00:00:40.2000000",7600,"00:00:07.6000000"
1746,117123,2237,23558,1277100,"00:21:17.1000000","Completed","Default",12,41200,"00:00:41.2000000",1000,"00:00:01"
1746,117050,2237,23569,1277800,"00:21:17.8000000","Completed","Default",13,41900,"00:00:41.9000000",700,"00:00:00.7000000"
1746,117229,2237,23559,1277900,"00:21:17.9000000","Completed","Default",14,42000,"00:00:42",100,"00:00:00.1000000"
1746,117084,2237,23571,1288300,"00:21:28.3000000","Completed","Default",15,52400,"00:00:52.4000000",10400,"00:00:10.4000000"
1746,117150,2237,23561,1291300,"00:21:31.3000000","Completed","Default",16,55400,"00:00:55.4000000",3000,"00:00:03"
1746,117027,2237,23556,1292100,"00:21:32.1000000","Completed","Default",17,56200,"00:00:56.2000000",800,"00:00:00.8000000"
1746,117062,2237,23572,1294600,"00:21:34.6000000","Completed","Default",18,58700,"00:00:58.7000000",2500,"00:00:02.5000000"
1746,117285,2237,23565,1307300,"00:21:47.3000000","Completed","Default",19,71400,"00:01:11.4000000",12700,"00:00:12.7000000"
1746,117281,2237,23563,1313900,"00:21:53.9000000","Completed","Default",20,78000,"00:01:18",6600,"00:00:06.6000000"
1746,117275,2237,23564,1318400,"00:21:58.4000000","Completed","Default",21,82500,"00:01:22.5000000",4500,"00:00:04.5000000"
1746,117115,2237,23581,1347800,"00:22:27.8000000","Completed","Default",22,111900,"00:01:51.9000000",29400,"00:00:29.4000000"
1746,117109,2237,23587,1354300,"00:22:34.3000000","Completed","Default",23,118400,"00:01:58.4000000",6500,"00:00:06.5000000"
1746,117106,2237,23580,1360900,"00:22:40.9000000","Completed","Default",24,125000,"00:02:05",6600,"00:00:06.6000000"
1746,117075,2237,23584,1363400,"00:22:43.4000000","Completed","Default",25,127500,"00:02:07.5000000",2500,"00:00:02.5000000"
1746,117218,2237,23589,1363700,"00:22:43.7000000","Completed","Default",26,127800,"00:02:07.8000000",300,"00:00:00.3000000"
1746,117191,2237,23585,1368400,"00:22:48.4000000","Completed","Default",27,132500,"00:02:12.5000000",4700,"00:00:04.7000000"
1746,117240,2237,23582,1376100,"00:22:56.1000000","Completed","Default",28,140200,"00:02:20.2000000",7700,"00:00:07.7000000"
1746,117215,2237,23567,1379800,"00:22:59.8000000","Completed","Default",29,143900,"00:02:23.9000000",3700,"00:00:03.7000000"
1746,117204,2237,23557,1384200,"00:23:04.2000000","Completed","Default",30,148300,"00:02:28.3000000",4400,"00:00:04.4000000"
1746,117162,2237,23588,1407700,"00:23:27.7000000","Completed","Default",31,171800,"00:02:51.8000000",23500,"00:00:23.5000000"
1746,117159,2237,23591,1418100,"00:23:38.1000000","Completed","Default",32,182200,"00:03:02.2000000",10400,"00:00:10.4000000"
1746,117261,2237,23592,1426900,"00:23:46.9000000","Completed","Default",33,191000,"00:03:11",8800,"00:00:08.8000000"
1746,117137,2237,23590,1441800,"00:24:01.8000000","Completed","Default",34,205900,"00:03:25.9000000",14900,"00:00:14.9000000"
1746,117022,2237,23595,1466300,"00:24:26.3000000","Completed","Default",35,230400,"00:03:50.4000000",24500,"00:00:24.5000000"
1746,117255,2237,23593,1477500,"00:24:37.5000000","Completed","Default",36,241600,"00:04:01.6000000",11200,"00:00:11.2000000"
1746,117227,2237,23597,1497000,"00:24:57","Completed","Default",37,261100,"00:04:21.1000000",19500,"00:00:19.5000000"
1746,117078,2237,23599,1670500,"00:27:50.5000000","Completed","Default",38,434600,"00:07:14.6000000",173500,"00:02:53.5000000"
1746,117237,2237,23600,1686000,"00:28:06","Completed","Default",39,450100,"00:07:30.1000000",15500,"00:00:15.5000000"
1746,117102,2237,23601,1862800,"00:31:02.8000000","Completed","Default",40,626900,"00:10:26.9000000",176800,"00:02:56.8000000"
1746,117072,2237,23570,1868100,"00:31:08.1000000","Completed","Assessed",41,632200,"00:10:32.2000000",5300,"00:00:05.3000000"
1746,117287,2237,23576,1868100,"00:31:08.1000000","Completed","Assessed",42,632200,"00:10:32.2000000",0,"00:00:00"
1746,117038,2237,23583,1868100,"00:31:08.1000000","Completed","Assessed",43,632200,"00:10:32.2000000",0,"00:00:00"
1746,117067,2237,23598,1900600,"00:31:40.6000000","Completed","Default",44,664700,"00:11:04.7000000",32500,"00:00:32.5000000"
1746,117171,2237,23596,1954300,"00:32:34.3000000","Completed","Assessed",45,718400,"00:11:58.4000000",53700,"00:00:53.7000000"
1746,117135,2237,23594,2066300,"00:34:26.3000000","Completed","Assessed",46,830400,"00:13:50.4000000",112000,"00:01:52"
1746,117019,2237,23577,2559600,"00:42:39.6000000","Completed","Default",47,1323700,"00:22:03.7000000",493300,"00:08:13.3000000"
1746,117180,2229,23550,824300,"00:13:44.3000000","Completed","Default",1,0,"00:00:00",0,"00:00:00"
1746,117176,2229,23551,828900,"00:13:48.9000000","Completed","Default",2,4600,"00:00:04.6000000",4600,"00:00:04.6000000"
1746,117198,2229,23547,830500,"00:13:50.5000000","Completed","Default",3,6200,"00:00:06.2000000",1600,"00:00:01.6000000"
1746,117276,2229,23548,839300,"00:13:59.3000000","Completed","Default",4,15000,"00:00:15",8800,"00:00:08.8000000"
1746,117128,2229,23554,841900,"00:14:01.9000000","Completed","Default",5,17600,"00:00:17.6000000",2600,"00:00:02.6000000"
1746,117207,2229,23549,847300,"00:14:07.3000000","Completed","Default",6,23000,"00:00:23",5400,"00:00:05.4000000"
1746,117152,2229,23555,851700,"00:14:11.7000000","Completed","Default",7,27400,"00:00:27.4000000",4400,"00:00:04.4000000"
1746,117259,2229,23553,853500,"00:14:13.5000000","Completed","Default",8,29200,"00:00:29.2000000",1800,"00:00:01.8000000"
1746,117051,2229,23569,864400,"00:14:24.4000000","Completed","Default",9,40100,"00:00:40.1000000",10900,"00:00:10.9000000"
1746,117248,2229,23559,864700,"00:14:24.7000000","Completed","Default",10,40400,"00:00:40.4000000",300,"00:00:00.3000000"
1746,117095,2229,23568,866800,"00:14:26.8000000","Completed","Default",11,42500,"00:00:42.5000000",2100,"00:00:02.1000000"
1746,117187,2229,23560,870200,"00:14:30.2000000","Completed","Default",12,45900,"00:00:45.9000000",3400,"00:00:03.4000000"
1746,117122,2229,23558,871100,"00:14:31.1000000","Completed","Default",13,46800,"00:00:46.8000000",900,"00:00:00.9000000"
1746,117061,2229,23572,877600,"00:14:37.6000000","Completed","Default",14,53300,"00:00:53.3000000",6500,"00:00:06.5000000"
1746,117149,2229,23561,878600,"00:14:38.6000000","Completed","Default",15,54300,"00:00:54.3000000",1000,"00:00:01"
1746,117085,2229,23571,881100,"00:14:41.1000000","Completed","Default",16,56800,"00:00:56.8000000",2500,"00:00:02.5000000"
1746,117020,2229,23577,882800,"00:14:42.8000000","Completed","Default",17,58500,"00:00:58.5000000",1700,"00:00:01.7000000"
1746,117206,2229,23565,884000,"00:14:44","Completed","Default",18,59700,"00:00:59.7000000",1200,"00:00:01.2000000"
1746,117026,2229,23556,888900,"00:14:48.9000000","Completed","Default",19,64600,"00:01:04.6000000",4900,"00:00:04.9000000"
1746,117280,2229,23563,897100,"00:14:57.1000000","Completed","Default",20,72800,"00:01:12.8000000",8200,"00:00:08.2000000"
1746,117295,2229,23564,907400,"00:15:07.4000000","Completed","Default",21,83100,"00:01:23.1000000",10300,"00:00:10.3000000"
1746,117116,2229,23581,907800,"00:15:07.8000000","Completed","Default",22,83500,"00:01:23.5000000",400,"00:00:00.4000000"
1746,117080,2229,23587,917100,"00:15:17.1000000","Completed","Default",23,92800,"00:01:32.8000000",9300,"00:00:09.3000000"
1746,117241,2229,23582,921800,"00:15:21.8000000","Completed","Default",24,97500,"00:01:37.5000000",4700,"00:00:04.7000000"
1746,117193,2229,23585,933800,"00:15:33.8000000","Completed","Default",25,109500,"00:01:49.5000000",12000,"00:00:12"
1746,117113,2229,23557,942900,"00:15:42.9000000","Completed","Default",26,118600,"00:01:58.6000000",9100,"00:00:09.1000000"
1746,117074,2229,23584,943100,"00:15:43.1000000","Completed","Default",27,118800,"00:01:58.8000000",200,"00:00:00.2000000"
1746,117214,2229,23567,945700,"00:15:45.7000000","Completed","Default",28,121400,"00:02:01.4000000",2600,"00:00:02.6000000"
1746,117163,2229,23588,966700,"00:16:06.7000000","Completed","Default",29,142400,"00:02:22.4000000",21000,"00:00:21"
1746,117105,2229,23580,974800,"00:16:14.8000000","Completed","Default",30,150500,"00:02:30.5000000",8100,"00:00:08.1000000"
1746,117219,2229,23589,987200,"00:16:27.2000000","Completed","Default",31,162900,"00:02:42.9000000",12400,"00:00:12.4000000"
1746,117158,2229,23591,990700,"00:16:30.7000000","Completed","Default",32,166400,"00:02:46.4000000",3500,"00:00:03.5000000"
1746,117138,2229,23590,1005100,"00:16:45.1000000","Completed","Default",33,180800,"00:03:00.8000000",14400,"00:00:14.4000000"
1746,117043,2229,23595,1010300,"00:16:50.3000000","Completed","Default",34,186000,"00:03:06",5200,"00:00:05.2000000"
1746,117254,2229,23593,1044900,"00:17:24.9000000","Completed","Default",35,220600,"00:03:40.6000000",34600,"00:00:34.6000000"
1746,117112,2229,23597,1047900,"00:17:27.9000000","Completed","Default",36,223600,"00:03:43.6000000",3000,"00:00:03"
1746,117262,2229,23592,1082300,"00:18:02.3000000","Completed","Default",37,258000,"00:04:18",34400,"00:00:34.4000000"
1746,117047,2229,23599,1182200,"00:19:42.2000000","Completed","Default",38,357900,"00:05:57.9000000",99900,"00:01:39.9000000"
1746,117101,2229,23601,1256700,"00:20:56.7000000","Completed","Default",39,432400,"00:07:12.4000000",74500,"00:01:14.5000000"
1746,117064,2229,23598,1263400,"00:21:03.4000000","Completed","Default",40,439100,"00:07:19.1000000",6700,"00:00:06.7000000"
1746,117236,2229,23600,1280100,"00:21:20.1000000","Completed","Default",41,455800,"00:07:35.8000000",16700,"00:00:16.7000000"
1746,117097,2229,23570,1464400,"00:24:24.4000000","Completed","Assessed",42,640100,"00:10:40.1000000",184300,"00:03:04.3000000"
1746,117288,2229,23576,1464400,"00:24:24.4000000","Completed","Assessed",43,640100,"00:10:40.1000000",0,"00:00:00"
1746,117037,2229,23583,1464400,"00:24:24.4000000","Completed","Assessed",44,640100,"00:10:40.1000000",0,"00:00:00"
1746,117030,2229,23566,1464700,"00:24:24.7000000","Completed","Assessed",45,640400,"00:10:40.4000000",300,"00:00:00.3000000"
1746,117170,2229,23596,1517100,"00:25:17.1000000","Completed","Assessed",46,692800,"00:11:32.8000000",52400,"00:00:52.4000000"
1746,117156,2229,23594,NA,NA,"DNS","Default",NA,NA,NA,NA,NA
1746,117181,2227,23550,665200,"00:11:05.2000000","Completed","Default",1,0,"00:00:00",0,"00:00:00"
1746,117199,2227,23547,671700,"00:11:11.7000000","Completed","Default",2,6500,"00:00:06.5000000",6500,"00:00:06.5000000"
1746,117208,2227,23549,677400,"00:11:17.4000000","Completed","Default",3,12200,"00:00:12.2000000",5700,"00:00:05.7000000"
1746,117283,2227,23548,678000,"00:11:18","Completed","Default",4,12800,"00:00:12.8000000",600,"00:00:00.6000000"
1746,117129,2227,23554,682300,"00:11:22.3000000","Completed","Default",5,17100,"00:00:17.1000000",4300,"00:00:04.3000000"
1746,117175,2227,23551,683500,"00:11:23.5000000","Completed","Default",6,18300,"00:00:18.3000000",1200,"00:00:01.2000000"
1746,117153,2227,23555,687400,"00:11:27.4000000","Completed","Default",7,22200,"00:00:22.2000000",3900,"00:00:03.9000000"
1746,117266,2227,23553,688500,"00:11:28.5000000","Completed","Default",8,23300,"00:00:23.3000000",1100,"00:00:01.1000000"
1746,117025,2227,23556,703200,"00:11:43.2000000","Completed","Default",9,38000,"00:00:38",14700,"00:00:14.7000000"
1746,117121,2227,23558,720000,"00:12:00","Completed","Assessed",10,54800,"00:00:54.8000000",16800,"00:00:16.8000000"
1746,117247,2227,23559,720000,"00:12:00","Completed","Assessed",11,54800,"00:00:54.8000000",0,"00:00:00"
1746,117186,2227,23560,720000,"00:12:00","Completed","Assessed",12,54800,"00:00:54.8000000",0,"00:00:00"
1746,117148,2227,23561,720000,"00:12:00","Completed","Assessed",13,54800,"00:00:54.8000000",0,"00:00:00"
1746,117279,2227,23563,720000,"00:12:00","Completed","Assessed",14,54800,"00:00:54.8000000",0,"00:00:00"
1746,117294,2227,23564,720000,"00:12:00","Completed","Assessed",15,54800,"00:00:54.8000000",0,"00:00:00"
1746,117271,2227,23565,720000,"00:12:00","Completed","Assessed",16,54800,"00:00:54.8000000",0,"00:00:00"
1746,117213,2227,23567,720000,"00:12:00","Completed","Assessed",17,54800,"00:00:54.8000000",0,"00:00:00"
1746,117094,2227,23568,720000,"00:12:00","Completed","Assessed",18,54800,"00:00:54.8000000",0,"00:00:00"
1746,117052,2227,23569,720000,"00:12:00","Completed","Assessed",19,54800,"00:00:54.8000000",0,"00:00:00"
1746,117086,2227,23571,720000,"00:12:00","Completed","Assessed",20,54800,"00:00:54.8000000",0,"00:00:00"
1746,117060,2227,23572,720000,"00:12:00","Completed","Assessed",21,54800,"00:00:54.8000000",0,"00:00:00"
1746,117015,2227,23577,720000,"00:12:00","Completed","Assessed",22,54800,"00:00:54.8000000",0,"00:00:00"
1746,117104,2227,23580,720000,"00:12:00","Completed","Assessed",23,54800,"00:00:54.8000000",0,"00:00:00"
1746,117117,2227,23581,720000,"00:12:00","Completed","Assessed",24,54800,"00:00:54.8000000",0,"00:00:00"
1746,117242,2227,23582,720000,"00:12:00","Completed","Assessed",25,54800,"00:00:54.8000000",0,"00:00:00"
1746,117073,2227,23584,720000,"00:12:00","Completed","Assessed",26,54800,"00:00:54.8000000",0,"00:00:00"
1746,117203,2227,23585,720000,"00:12:00","Completed","Assessed",27,54800,"00:00:54.8000000",0,"00:00:00"
1746,117110,2227,23587,720000,"00:12:00","Completed","Assessed",28,54800,"00:00:54.8000000",0,"00:00:00"
1746,117164,2227,23588,720000,"00:12:00","Completed","Assessed",29,54800,"00:00:54.8000000",0,"00:00:00"
1746,117220,2227,23589,720000,"00:12:00","Completed","Assessed",30,54800,"00:00:54.8000000",0,"00:00:00"
1746,117139,2227,23590,720000,"00:12:00","Completed","Assessed",31,54800,"00:00:54.8000000",0,"00:00:00"
1746,117157,2227,23591,720000,"00:12:00","Completed","Assessed",32,54800,"00:00:54.8000000",0,"00:00:00"
1746,117263,2227,23592,720000,"00:12:00","Completed","Assessed",33,54800,"00:00:54.8000000",0,"00:00:00"
1746,117253,2227,23593,720000,"00:12:00","Completed","Assessed",34,54800,"00:00:54.8000000",0,"00:00:00"
1746,117042,2227,23595,720000,"00:12:00","Completed","Assessed",35,54800,"00:00:54.8000000",0,"00:00:00"
1746,117225,2227,23597,720000,"00:12:00","Completed","Assessed",36,54800,"00:00:54.8000000",0,"00:00:00"
1746,117057,2227,23598,720000,"00:12:00","Completed","Assessed",37,54800,"00:00:54.8000000",0,"00:00:00"
1746,117081,2227,23599,720000,"00:12:00","Completed","Assessed",38,54800,"00:00:54.8000000",0,"00:00:00"
1746,117235,2227,23600,720000,"00:12:00","Completed","Assessed",39,54800,"00:00:54.8000000",0,"00:00:00"
1746,117100,2227,23601,720000,"00:12:00","Completed","Assessed",40,54800,"00:00:54.8000000",0,"00:00:00"
1746,117230,2227,23557,781000,"00:13:01","Completed","Default",41,115800,"00:01:55.8000000",61000,"00:01:01"
1746,117031,2227,23566,1320000,"00:22:00","Completed","Assessed",42,654800,"00:10:54.8000000",539000,"00:08:59"
1746,117021,2227,23570,1320000,"00:22:00","Completed","Assessed",43,654800,"00:10:54.8000000",0,"00:00:00"
1746,117289,2227,23576,1320000,"00:22:00","Completed","Assessed",44,654800,"00:10:54.8000000",0,"00:00:00"
1746,117036,2227,23583,1320000,"00:22:00","Completed","Assessed",45,654800,"00:10:54.8000000",0,"00:00:00"
1746,117136,2227,23594,1320000,"00:22:00","Completed","Assessed",46,654800,"00:10:54.8000000",0,"00:00:00"
1746,117169,2227,23596,1320000,"00:22:00","Completed","Assessed",47,654800,"00:10:54.8000000",0,"00:00:00"
1746,117200,2240,23547,1150600,"00:19:10.6000000","Completed","Default",1,0,"00:00:00",0,"00:00:00"
1746,117174,2240,23551,1151700,"00:19:11.7000000","Completed","Default",2,1100,"00:00:01.1000000",1100,"00:00:01.1000000"
1746,117182,2240,23550,1156800,"00:19:16.8000000","Completed","Default",3,6200,"00:00:06.2000000",5100,"00:00:05.1000000"
1746,117284,2240,23548,1158600,"00:19:18.6000000","Completed","Default",4,8000,"00:00:08",1800,"00:00:01.8000000"
1746,117209,2240,23549,1161800,"00:19:21.8000000","Completed","Default",5,11200,"00:00:11.2000000",3200,"00:00:03.2000000"
1746,117154,2240,23555,1167900,"00:19:27.9000000","Completed","Default",6,17300,"00:00:17.3000000",6100,"00:00:06.1000000"
1746,117267,2240,23553,1170700,"00:19:30.7000000","Completed","Default",7,20100,"00:00:20.1000000",2800,"00:00:02.8000000"
1746,117130,2240,23554,1172300,"00:19:32.3000000","Completed","Default",8,21700,"00:00:21.7000000",1600,"00:00:01.6000000"
1746,117024,2240,23556,1180000,"00:19:40","Completed","Default",9,29400,"00:00:29.4000000",7700,"00:00:07.7000000"
1746,117185,2240,23560,1188500,"00:19:48.5000000","Completed","Default",10,37900,"00:00:37.9000000",8500,"00:00:08.5000000"
1746,117120,2240,23558,1195400,"00:19:55.4000000","Completed","Default",11,44800,"00:00:44.8000000",6900,"00:00:06.9000000"
1746,117147,2240,23561,1206100,"00:20:06.1000000","Completed","Default",12,55500,"00:00:55.5000000",10700,"00:00:10.7000000"
1746,117246,2240,23559,1210500,"00:20:10.5000000","Completed","Default",13,59900,"00:00:59.9000000",4400,"00:00:04.4000000"
1746,117093,2240,23568,1212000,"00:20:12","Completed","Default",14,61400,"00:01:01.4000000",1500,"00:00:01.5000000"
1746,117059,2240,23572,1220300,"00:20:20.3000000","Completed","Default",15,69700,"00:01:09.7000000",8300,"00:00:08.3000000"
1746,117270,2240,23565,1222700,"00:20:22.7000000","Completed","Default",16,72100,"00:01:12.1000000",2400,"00:00:02.4000000"
1746,117087,2240,23571,1232400,"00:20:32.4000000","Completed","Default",17,81800,"00:01:21.8000000",9700,"00:00:09.7000000"
1746,117053,2240,23569,1234700,"00:20:34.7000000","Completed","Default",18,84100,"00:01:24.1000000",2300,"00:00:02.3000000"
1746,117016,2240,23577,1241200,"00:20:41.2000000","Completed","Default",19,90600,"00:01:30.6000000",6500,"00:00:06.5000000"
1746,117278,2240,23563,1251300,"00:20:51.3000000","Completed","Default",20,100700,"00:01:40.7000000",10100,"00:00:10.1000000"
1746,117293,2240,23564,1254400,"00:20:54.4000000","Completed","Default",21,103800,"00:01:43.8000000",3100,"00:00:03.1000000"
1746,117231,2240,23557,1291000,"00:21:31","Completed","Default",22,140400,"00:02:20.4000000",36600,"00:00:36.6000000"
1746,117079,2240,23587,1292900,"00:21:32.9000000","Completed","Default",23,142300,"00:02:22.3000000",1900,"00:00:01.9000000"
1746,117243,2240,23582,1297900,"00:21:37.9000000","Completed","Default",24,147300,"00:02:27.3000000",5000,"00:00:05"
1746,117071,2240,23584,1301700,"00:21:41.7000000","Completed","Default",25,151100,"00:02:31.1000000",3800,"00:00:03.8000000"
1746,117212,2240,23567,1312300,"00:21:52.3000000","Completed","Default",26,161700,"00:02:41.7000000",10600,"00:00:10.6000000"
1746,117221,2240,23589,1325500,"00:22:05.5000000","Completed","Default",27,174900,"00:02:54.9000000",13200,"00:00:13.2000000"
1746,117118,2240,23581,1325500,"00:22:05.5000000","Completed","Default",28,174900,"00:02:54.9000000",0,"00:00:00"
1746,117194,2240,23585,1337700,"00:22:17.7000000","Completed","Default",29,187100,"00:03:07.1000000",12200,"00:00:12.2000000"
1746,117165,2240,23588,1354300,"00:22:34.3000000","Completed","Default",30,203700,"00:03:23.7000000",16600,"00:00:16.6000000"
1746,117140,2240,23590,1358900,"00:22:38.9000000","Completed","Default",31,208300,"00:03:28.3000000",4600,"00:00:04.6000000"
1746,117264,2240,23592,1399700,"00:23:19.7000000","Completed","Default",32,249100,"00:04:09.1000000",40800,"00:00:40.8000000"
1746,117272,2240,23593,1429200,"00:23:49.2000000","Completed","Default",33,278600,"00:04:38.6000000",29500,"00:00:29.5000000"
1746,117224,2240,23597,1434200,"00:23:54.2000000","Completed","Default",34,283600,"00:04:43.6000000",5000,"00:00:05"
1746,117041,2240,23595,1440900,"00:24:00.9000000","Completed","Default",35,290300,"00:04:50.3000000",6700,"00:00:06.7000000"
1746,117103,2240,23580,1460400,"00:24:20.4000000","Completed","Default",36,309800,"00:05:09.8000000",19500,"00:00:19.5000000"
1746,117082,2240,23599,1578600,"00:26:18.6000000","Completed","Default",37,428000,"00:07:08",118200,"00:01:58.2000000"
1746,117234,2240,23600,1623900,"00:27:03.9000000","Completed","Default",38,473300,"00:07:53.3000000",45300,"00:00:45.3000000"
1746,117056,2240,23598,1730600,"00:28:50.6000000","Completed","Default",39,580000,"00:09:40",106700,"00:01:46.7000000"
1746,117032,2240,23566,1788500,"00:29:48.5000000","Completed","Assessed",40,637900,"00:10:37.9000000",57900,"00:00:57.9000000"
1746,117069,2240,23570,1812000,"00:30:12","Completed","Assessed",41,661400,"00:11:01.4000000",23500,"00:00:23.5000000"
1746,117290,2240,23576,1812000,"00:30:12","Completed","Assessed",42,661400,"00:11:01.4000000",0,"00:00:00"
1746,117035,2240,23583,1812000,"00:30:12","Completed","Assessed",43,661400,"00:11:01.4000000",0,"00:00:00"
1746,117098,2240,23601,1827000,"00:30:27","Completed","Default",44,676400,"00:11:16.4000000",15000,"00:00:15"
1746,117168,2240,23596,1892900,"00:31:32.9000000","Completed","Assessed",45,742300,"00:12:22.3000000",65900,"00:01:05.9000000"
1746,117134,2240,23591,2183800,"00:36:23.8000000","Completed","Default",46,1033200,"00:17:13.2000000",290900,"00:04:50.9000000"
1746,117143,2240,23594,NA,NA,"DNS","Default",NA,NA,NA,NA,NA
1746,117173,2241,23551,642000,"00:10:42","Completed","Default",1,0,"00:00:00",0,"00:00:00"
1746,117202,2241,23550,645800,"00:10:45.8000000","Completed","Default",2,3800,"00:00:03.8000000",3800,"00:00:03.8000000"
1746,117201,2241,23547,648900,"00:10:48.9000000","Completed","Default",3,6900,"00:00:06.9000000",3100,"00:00:03.1000000"
1746,117210,2241,23549,652800,"00:10:52.8000000","Completed","Default",4,10800,"00:00:10.8000000",3900,"00:00:03.9000000"
1746,117286,2241,23548,654200,"00:10:54.2000000","Completed","Default",5,12200,"00:00:12.2000000",1400,"00:00:01.4000000"
1746,117268,2241,23553,665500,"00:11:05.5000000","Completed","Default",6,23500,"00:00:23.5000000",11300,"00:00:11.3000000"
1746,117131,2241,23554,666800,"00:11:06.8000000","Completed","Default",7,24800,"00:00:24.8000000",1300,"00:00:01.3000000"
1746,117155,2241,23555,669800,"00:11:09.8000000","Completed","Default",8,27800,"00:00:27.8000000",3000,"00:00:03"
1746,117048,2241,23556,688600,"00:11:28.6000000","Completed","Default",9,46600,"00:00:46.6000000",18800,"00:00:18.8000000"
1746,117184,2241,23560,688600,"00:11:28.6000000","Completed","Default",10,46600,"00:00:46.6000000",0,"00:00:00"
1746,117119,2241,23558,692600,"00:11:32.6000000","Completed","Default",11,50600,"00:00:50.6000000",4000,"00:00:04"
1746,117054,2241,23569,702100,"00:11:42.1000000","Completed","Default",12,60100,"00:01:00.1000000",9500,"00:00:09.5000000"
1746,117092,2241,23568,712700,"00:11:52.7000000","Completed","Default",13,70700,"00:01:10.7000000",10600,"00:00:10.6000000"
1746,117146,2241,23561,712900,"00:11:52.9000000","Completed","Default",14,70900,"00:01:10.9000000",200,"00:00:00.2000000"
1746,117088,2241,23571,720000,"00:12:00","Completed","Default",15,78000,"00:01:18",7100,"00:00:07.1000000"
1746,117269,2241,23565,721300,"00:12:01.3000000","Completed","Default",16,79300,"00:01:19.3000000",1300,"00:00:01.3000000"
1746,117058,2241,23572,728200,"00:12:08.2000000","Completed","Default",17,86200,"00:01:26.2000000",6900,"00:00:06.9000000"
1746,117277,2241,23563,729800,"00:12:09.8000000","Completed","Default",18,87800,"00:01:27.8000000",1600,"00:00:01.6000000"
1746,117292,2241,23564,736200,"00:12:16.2000000","Completed","Default",19,94200,"00:01:34.2000000",6400,"00:00:06.4000000"
1746,117211,2241,23567,767000,"00:12:47","Completed","Default",20,125000,"00:02:05",30800,"00:00:30.8000000"
1746,117232,2241,23557,769700,"00:12:49.7000000","Completed","Default",21,127700,"00:02:07.7000000",2700,"00:00:02.7000000"
1746,117244,2241,23582,780000,"00:13:00","Completed","Default",22,138000,"00:02:18",10300,"00:00:10.3000000"
1746,117195,2241,23585,782100,"00:13:02.1000000","Completed","Default",23,140100,"00:02:20.1000000",2100,"00:00:02.1000000"
1746,117077,2241,23587,785100,"00:13:05.1000000","Completed","Default",24,143100,"00:02:23.1000000",3000,"00:00:03"
1746,117222,2241,23589,792400,"00:13:12.4000000","Completed","Default",25,150400,"00:02:30.4000000",7300,"00:00:07.3000000"
1746,117125,2241,23581,799900,"00:13:19.9000000","Completed","Default",26,157900,"00:02:37.9000000",7500,"00:00:07.5000000"
1746,117070,2241,23584,805500,"00:13:25.5000000","Completed","Default",27,163500,"00:02:43.5000000",5600,"00:00:05.6000000"
1746,117099,2241,23580,805600,"00:13:25.6000000","Completed","Default",28,163600,"00:02:43.6000000",100,"00:00:00.1000000"
1746,117166,2241,23588,843600,"00:14:03.6000000","Completed","Default",29,201600,"00:03:21.6000000",38000,"00:00:38"
1746,117040,2241,23595,846000,"00:14:06","Completed","Default",30,204000,"00:03:24",2400,"00:00:02.4000000"
1746,117141,2241,23590,853600,"00:14:13.6000000","Completed","Default",31,211600,"00:03:31.6000000",7600,"00:00:07.6000000"
1746,117132,2241,23591,864900,"00:14:24.9000000","Completed","Default",32,222900,"00:03:42.9000000",11300,"00:00:11.3000000"
1746,117265,2241,23592,874400,"00:14:34.4000000","Completed","Default",33,232400,"00:03:52.4000000",9500,"00:00:09.5000000"
1746,117223,2241,23597,878000,"00:14:38","Completed","Default",34,236000,"00:03:56",3600,"00:00:03.6000000"
1746,117273,2241,23593,899800,"00:14:59.8000000","Completed","Default",35,257800,"00:04:17.8000000",21800,"00:00:21.8000000"
1746,117017,2241,23577,965800,"00:16:05.8000000","Completed","Default",36,323800,"00:05:23.8000000",66000,"00:01:06"
1746,117089,2241,23599,997700,"00:16:37.7000000","Completed","Default",37,355700,"00:05:55.7000000",31900,"00:00:31.9000000"
1746,117233,2241,23600,1059200,"00:17:39.2000000","Completed","Default",38,417200,"00:06:57.2000000",61500,"00:01:01.5000000"
1746,117091,2241,23601,1110400,"00:18:30.4000000","Completed","Default",39,468400,"00:07:48.4000000",51200,"00:00:51.2000000"
1746,117245,2241,23559,1288600,"00:21:28.6000000","Completed","Assessed",40,646600,"00:10:46.6000000",178200,"00:02:58.2000000"
1746,117033,2241,23566,1288600,"00:21:28.6000000","Completed","Assessed",41,646600,"00:10:46.6000000",0,"00:00:00"
1746,117068,2241,23570,1302100,"00:21:42.1000000","Completed","Assessed",42,660100,"00:11:00.1000000",13500,"00:00:13.5000000"
1746,117291,2241,23576,1302100,"00:21:42.1000000","Completed","Assessed",43,660100,"00:11:00.1000000",0,"00:00:00"
1746,117034,2241,23583,1302100,"00:21:42.1000000","Completed","Assessed",44,660100,"00:11:00.1000000",0,"00:00:00"
1746,117167,2241,23596,1385100,"00:23:05.1000000","Completed","Assessed",45,743100,"00:12:23.1000000",83000,"00:01:23"
1746,117055,2241,23598,1387800,"00:23:07.8000000","Completed","Default",46,745800,"00:12:25.8000000",2700,"00:00:02.7000000"
1746,117142,2241,23594,NA,NA,"DNS","Default",NA,NA,NA,NA,NA
